stage,scenario_id,category,mode,answer_ms,judge_ms,retrieval_ms,total_ms
Targeted-7,development-v2-cognitive_continuity-004,cognitive_continuity,full_omni,6105,0,2669,112123
Targeted-7,development-v2-memory_evolution-003,memory_evolution,full_omni,6317,0,2628,220618
Targeted-7,development-v2-conflict_resolution-004,conflict_resolution,full_omni,3611,0,2654,171869
Targeted-7,development-v2-cross_agent_transfer-004,cross_agent_transfer,full_omni,3084,0,2684,124180
Targeted-7,development-v2-human_like_forgetting-002,human_like_forgetting,full_omni,7448,0,2638,128764
Targeted-7,development-v2-proactive_insight-003,proactive_insight,full_omni,6284,25012,2699,240661
Targeted-7,development-v2-decision_quality-004,decision_quality,full_omni,7411,33001,2661,366056
Development-35,development-v2-cognitive_continuity-001,cognitive_continuity,full_omni,6952,0,188,97537
Development-35,development-v2-cognitive_continuity-002,cognitive_continuity,full_omni,6028,0,2663,222393
Development-35,development-v2-cognitive_continuity-003,cognitive_continuity,full_omni,5033,0,2688,188658
Development-35,development-v2-cognitive_continuity-004,cognitive_continuity,full_omni,7853,0,2676,157953
Development-35,development-v2-cognitive_continuity-005,cognitive_continuity,full_omni,6261,0,152,106181
Development-35,development-v2-memory_evolution-001,memory_evolution,full_omni,3152,0,112,70851
Development-35,development-v2-memory_evolution-002,memory_evolution,full_omni,4564,0,2323,131193
Development-35,development-v2-memory_evolution-003,memory_evolution,full_omni,6043,0,2677,202346
Development-35,development-v2-memory_evolution-004,memory_evolution,full_omni,3048,0,104,95804
Development-35,development-v2-memory_evolution-005,memory_evolution,full_omni,2434,0,108,55801
Development-35,development-v2-conflict_resolution-001,conflict_resolution,full_omni,2858,0,152,59709
Development-35,development-v2-conflict_resolution-002,conflict_resolution,full_omni,5012,0,2695,108988
Development-35,development-v2-conflict_resolution-003,conflict_resolution,full_omni,5677,0,2704,167894
Development-35,development-v2-conflict_resolution-004,conflict_resolution,full_omni,6004,0,172,156874
Development-35,development-v2-conflict_resolution-005,conflict_resolution,full_omni,5156,0,120,70139
Development-35,development-v2-cross_agent_transfer-001,cross_agent_transfer,full_omni,5594,0,142,83348
Development-35,development-v2-cross_agent_transfer-002,cross_agent_transfer,full_omni,4895,0,2715,172588
Development-35,development-v2-cross_agent_transfer-003,cross_agent_transfer,full_omni,4195,0,2672,213128
Development-35,development-v2-cross_agent_transfer-004,cross_agent_transfer,full_omni,6704,0,2663,201574
Development-35,development-v2-cross_agent_transfer-005,cross_agent_transfer,full_omni,6605,0,140,112061
Development-35,development-v2-human_like_forgetting-001,human_like_forgetting,full_omni,8484,0,101,83807
Development-35,development-v2-human_like_forgetting-002,human_like_forgetting,full_omni,5231,0,2686,182471
Development-35,development-v2-human_like_forgetting-003,human_like_forgetting,full_omni,8076,0,2664,201250
Development-35,development-v2-human_like_forgetting-004,human_like_forgetting,full_omni,6900,0,2815,239881
Development-35,development-v2-human_like_forgetting-005,human_like_forgetting,full_omni,6272,0,303,144858
Development-35,development-v2-proactive_insight-001,proactive_insight,full_omni,5331,13155,146,320382
Development-35,development-v2-proactive_insight-002,proactive_insight,full_omni,6875,13159,3432,191454
Development-35,development-v2-proactive_insight-003,proactive_insight,full_omni,5845,14540,2719,216510
Development-35,development-v2-proactive_insight-004,proactive_insight,full_omni,7903,7768,2664,273017
Development-35,development-v2-proactive_insight-005,proactive_insight,full_omni,7320,6461,161,188339
Development-35,development-v2-decision_quality-001,decision_quality,full_omni,7429,35156,136,124326
Development-35,development-v2-decision_quality-002,decision_quality,full_omni,7009,21736,3582,168271
Development-35,development-v2-decision_quality-003,decision_quality,full_omni,6658,50396,2719,359451
Development-35,development-v2-decision_quality-004,decision_quality,full_omni,5876,13298,2663,113830
Development-35,development-v2-decision_quality-005,decision_quality,full_omni,5513,7620,152,75879
Development baselines,development-v2-cognitive_continuity-001,cognitive_continuity,no_memory,1718,0,0,1718
Development baselines,development-v2-cognitive_continuity-002,cognitive_continuity,no_memory,1580,0,0,1580
Development baselines,development-v2-cognitive_continuity-003,cognitive_continuity,no_memory,1428,0,0,1428
Development baselines,development-v2-cognitive_continuity-004,cognitive_continuity,no_memory,1593,0,0,1593
Development baselines,development-v2-cognitive_continuity-005,cognitive_continuity,no_memory,1534,0,0,1534
Development baselines,development-v2-memory_evolution-001,memory_evolution,no_memory,1441,0,0,1441
Development baselines,development-v2-memory_evolution-002,memory_evolution,no_memory,1632,0,0,1632
Development baselines,development-v2-memory_evolution-003,memory_evolution,no_memory,1649,0,0,1649
Development baselines,development-v2-memory_evolution-004,memory_evolution,no_memory,1676,0,0,1676
Development baselines,development-v2-memory_evolution-005,memory_evolution,no_memory,1895,0,0,1895
Development baselines,development-v2-conflict_resolution-001,conflict_resolution,no_memory,1324,0,0,1324
Development baselines,development-v2-conflict_resolution-002,conflict_resolution,no_memory,1921,0,0,1921
Development baselines,development-v2-conflict_resolution-003,conflict_resolution,no_memory,1775,0,0,1775
Development baselines,development-v2-conflict_resolution-004,conflict_resolution,no_memory,1969,0,0,1969
Development baselines,development-v2-conflict_resolution-005,conflict_resolution,no_memory,3380,0,0,3380
Development baselines,development-v2-cross_agent_transfer-001,cross_agent_transfer,no_memory,1542,0,0,1542
Development baselines,development-v2-cross_agent_transfer-002,cross_agent_transfer,no_memory,1594,0,0,1594
Development baselines,development-v2-cross_agent_transfer-003,cross_agent_transfer,no_memory,1783,0,0,1783
Development baselines,development-v2-cross_agent_transfer-004,cross_agent_transfer,no_memory,1779,0,0,1779
Development baselines,development-v2-cross_agent_transfer-005,cross_agent_transfer,no_memory,1334,0,0,1334
Development baselines,development-v2-human_like_forgetting-001,human_like_forgetting,no_memory,1439,0,0,1439
Development baselines,development-v2-human_like_forgetting-002,human_like_forgetting,no_memory,1368,0,0,1368
Development baselines,development-v2-human_like_forgetting-003,human_like_forgetting,no_memory,1404,0,0,1404
Development baselines,development-v2-human_like_forgetting-004,human_like_forgetting,no_memory,1530,0,0,1530
Development baselines,development-v2-human_like_forgetting-005,human_like_forgetting,no_memory,1591,0,0,1591
Development baselines,development-v2-proactive_insight-001,proactive_insight,no_memory,1630,36940,0,38570
Development baselines,development-v2-proactive_insight-002,proactive_insight,no_memory,1840,6707,0,8547
Development baselines,development-v2-proactive_insight-003,proactive_insight,no_memory,1562,26413,0,27975
Development baselines,development-v2-proactive_insight-004,proactive_insight,no_memory,1880,16692,0,18572
Development baselines,development-v2-proactive_insight-005,proactive_insight,no_memory,1923,18384,0,20307
Development baselines,development-v2-decision_quality-001,decision_quality,no_memory,3357,17773,0,21130
Development baselines,development-v2-decision_quality-002,decision_quality,no_memory,1795,18630,0,20425
Development baselines,development-v2-decision_quality-003,decision_quality,no_memory,2112,17619,0,19731
Development baselines,development-v2-decision_quality-004,decision_quality,no_memory,1942,6779,0,8721
Development baselines,development-v2-decision_quality-005,decision_quality,no_memory,2851,6658,0,9509
Development baselines,development-v2-cognitive_continuity-001,cognitive_continuity,retrieval_only,3998,0,0,3998
Development baselines,development-v2-cognitive_continuity-002,cognitive_continuity,retrieval_only,3632,0,0,3632
Development baselines,development-v2-cognitive_continuity-003,cognitive_continuity,retrieval_only,3431,0,0,3431
Development baselines,development-v2-cognitive_continuity-004,cognitive_continuity,retrieval_only,3133,0,0,3133
Development baselines,development-v2-cognitive_continuity-005,cognitive_continuity,retrieval_only,3879,0,0,3879
Development baselines,development-v2-memory_evolution-001,memory_evolution,retrieval_only,2744,0,0,2744
Development baselines,development-v2-memory_evolution-002,memory_evolution,retrieval_only,2813,0,0,2813
Development baselines,development-v2-memory_evolution-003,memory_evolution,retrieval_only,4500,0,0,4500
Development baselines,development-v2-memory_evolution-004,memory_evolution,retrieval_only,2447,0,0,2447
Development baselines,development-v2-memory_evolution-005,memory_evolution,retrieval_only,3376,0,0,3376
Development baselines,development-v2-conflict_resolution-001,conflict_resolution,retrieval_only,3123,0,0,3123
Development baselines,development-v2-conflict_resolution-002,conflict_resolution,retrieval_only,2667,0,0,2667
Development baselines,development-v2-conflict_resolution-003,conflict_resolution,retrieval_only,2703,0,0,2703
Development baselines,development-v2-conflict_resolution-004,conflict_resolution,retrieval_only,2746,0,0,2746
Development baselines,development-v2-conflict_resolution-005,conflict_resolution,retrieval_only,4555,0,0,4555
Development baselines,development-v2-cross_agent_transfer-001,cross_agent_transfer,retrieval_only,2879,0,0,2879
Development baselines,development-v2-cross_agent_transfer-002,cross_agent_transfer,retrieval_only,2601,0,0,2601
Development baselines,development-v2-cross_agent_transfer-003,cross_agent_transfer,retrieval_only,2785,0,0,2785
Development baselines,development-v2-cross_agent_transfer-004,cross_agent_transfer,retrieval_only,2337,0,0,2337
Development baselines,development-v2-cross_agent_transfer-005,cross_agent_transfer,retrieval_only,3381,0,0,3381
Development baselines,development-v2-human_like_forgetting-001,human_like_forgetting,retrieval_only,2640,0,0,2640
Development baselines,development-v2-human_like_forgetting-002,human_like_forgetting,retrieval_only,3385,0,0,3385
Development baselines,development-v2-human_like_forgetting-003,human_like_forgetting,retrieval_only,3288,0,0,3288
Development baselines,development-v2-human_like_forgetting-004,human_like_forgetting,retrieval_only,2880,0,0,2880
Development baselines,development-v2-human_like_forgetting-005,human_like_forgetting,retrieval_only,3265,0,0,3265
Development baselines,development-v2-proactive_insight-001,proactive_insight,retrieval_only,3290,18516,0,21806
Development baselines,development-v2-proactive_insight-002,proactive_insight,retrieval_only,5236,8214,0,13450
Development baselines,development-v2-proactive_insight-003,proactive_insight,retrieval_only,2749,7742,0,10491
Development baselines,development-v2-proactive_insight-004,proactive_insight,retrieval_only,4030,9141,0,13171
Development baselines,development-v2-proactive_insight-005,proactive_insight,retrieval_only,4027,6712,0,10739
Development baselines,development-v2-decision_quality-001,decision_quality,retrieval_only,4536,20323,0,24859
Development baselines,development-v2-decision_quality-002,decision_quality,retrieval_only,3942,6844,0,10786
Development baselines,development-v2-decision_quality-003,decision_quality,retrieval_only,3816,15014,0,18830
Development baselines,development-v2-decision_quality-004,decision_quality,retrieval_only,2898,6061,0,8959
Development baselines,development-v2-decision_quality-005,decision_quality,retrieval_only,4345,16846,0,21191
Formal-250,formal-v2-cognitive_continuity-001,cognitive_continuity,full_omni,6932,0,159,76264
Formal-250,formal-v2-cognitive_continuity-002,cognitive_continuity,full_omni,7377,0,179,110234
Formal-250,formal-v2-cognitive_continuity-003,cognitive_continuity,full_omni,6509,0,2668,127684
Formal-250,formal-v2-cognitive_continuity-004,cognitive_continuity,full_omni,7222,0,120,71219
Formal-250,formal-v2-cognitive_continuity-005,cognitive_continuity,full_omni,7361,0,156,56561
Formal-250,formal-v2-cognitive_continuity-006,cognitive_continuity,full_omni,6408,0,127,109065
Formal-250,formal-v2-cognitive_continuity-007,cognitive_continuity,full_omni,7053,0,222,82110
Formal-250,formal-v2-cognitive_continuity-008,cognitive_continuity,full_omni,6055,0,174,162874
Formal-250,formal-v2-cognitive_continuity-009,cognitive_continuity,full_omni,6343,0,2362,101209
Formal-250,formal-v2-cognitive_continuity-010,cognitive_continuity,full_omni,5989,0,265,89339
Formal-250,formal-v2-cognitive_continuity-011,cognitive_continuity,full_omni,5223,0,158,98203
Formal-250,formal-v2-cognitive_continuity-012,cognitive_continuity,full_omni,6760,0,114,100635
Formal-250,formal-v2-cognitive_continuity-013,cognitive_continuity,full_omni,6917,0,2640,152063
Formal-250,formal-v2-cognitive_continuity-014,cognitive_continuity,full_omni,5126,0,2650,118211
Formal-250,formal-v2-cognitive_continuity-015,cognitive_continuity,full_omni,6904,0,2235,156599
Formal-250,formal-v2-cognitive_continuity-016,cognitive_continuity,full_omni,7310,0,2758,123925
Formal-250,formal-v2-cognitive_continuity-017,cognitive_continuity,full_omni,7254,0,2662,117473
Formal-250,formal-v2-cognitive_continuity-018,cognitive_continuity,full_omni,7459,0,2659,207938
Formal-250,formal-v2-cognitive_continuity-019,cognitive_continuity,full_omni,6798,0,109,137297
Formal-250,formal-v2-cognitive_continuity-020,cognitive_continuity,full_omni,6185,0,2653,176329
Formal-250,formal-v2-cognitive_continuity-021,cognitive_continuity,full_omni,6542,0,2705,177199
Formal-250,formal-v2-cognitive_continuity-022,cognitive_continuity,full_omni,7097,0,2674,80214
Formal-250,formal-v2-cognitive_continuity-023,cognitive_continuity,full_omni,6016,0,2542,113407
Formal-250,formal-v2-cognitive_continuity-024,cognitive_continuity,full_omni,5582,0,2447,177745
Formal-250,formal-v2-cognitive_continuity-025,cognitive_continuity,full_omni,6084,0,2632,141956
Formal-250,formal-v2-cognitive_continuity-026,cognitive_continuity,full_omni,6312,0,2692,117875
Formal-250,formal-v2-cognitive_continuity-027,cognitive_continuity,full_omni,7269,0,2672,178799
Formal-250,formal-v2-cognitive_continuity-028,cognitive_continuity,full_omni,5148,0,2638,91331
Formal-250,formal-v2-cognitive_continuity-029,cognitive_continuity,full_omni,6583,0,2634,154395
Formal-250,formal-v2-cognitive_continuity-030,cognitive_continuity,full_omni,6043,0,2668,191416
Formal-250,formal-v2-cognitive_continuity-031,cognitive_continuity,full_omni,6311,0,2456,106055
Formal-250,formal-v2-cognitive_continuity-032,cognitive_continuity,full_omni,7250,0,2653,114478
Formal-250,formal-v2-cognitive_continuity-033,cognitive_continuity,full_omni,7563,0,2676,236168
Formal-250,formal-v2-cognitive_continuity-034,cognitive_continuity,full_omni,7263,0,2661,178728
Formal-250,formal-v2-cognitive_continuity-035,cognitive_continuity,full_omni,5687,0,2633,182989
Formal-250,formal-v2-cognitive_continuity-036,cognitive_continuity,full_omni,5120,0,2672,243581
Formal-250,formal-v2-cognitive_continuity-037,cognitive_continuity,full_omni,6319,0,2696,204795
Formal-250,formal-v2-cognitive_continuity-038,cognitive_continuity,full_omni,8144,0,2665,198074
Formal-250,formal-v2-cognitive_continuity-039,cognitive_continuity,full_omni,5197,0,2482,184401
Formal-250,formal-v2-cognitive_continuity-040,cognitive_continuity,full_omni,7288,0,2660,233939
Formal-250,formal-v2-memory_evolution-001,memory_evolution,full_omni,3255,0,104,129087
Formal-250,formal-v2-memory_evolution-002,memory_evolution,full_omni,2664,0,115,102725
Formal-250,formal-v2-memory_evolution-003,memory_evolution,full_omni,3142,0,295,65094
Formal-250,formal-v2-memory_evolution-004,memory_evolution,full_omni,2961,0,98,62147
Formal-250,formal-v2-memory_evolution-005,memory_evolution,full_omni,2668,0,99,60492
Formal-250,formal-v2-memory_evolution-006,memory_evolution,full_omni,2294,0,105,92720
Formal-250,formal-v2-memory_evolution-007,memory_evolution,full_omni,2500,0,112,86595
Formal-250,formal-v2-memory_evolution-008,memory_evolution,full_omni,2340,0,108,86328
Formal-250,formal-v2-memory_evolution-009,memory_evolution,full_omni,2436,0,108,140087
Formal-250,formal-v2-memory_evolution-010,memory_evolution,full_omni,2515,0,105,64345
Formal-250,formal-v2-memory_evolution-011,memory_evolution,full_omni,2675,0,101,95981
Formal-250,formal-v2-memory_evolution-012,memory_evolution,full_omni,2901,0,126,149180
Formal-250,formal-v2-memory_evolution-013,memory_evolution,full_omni,2258,0,119,65216
Formal-250,formal-v2-memory_evolution-014,memory_evolution,full_omni,3593,0,2653,124667
Formal-250,formal-v2-memory_evolution-015,memory_evolution,full_omni,5683,0,2113,150695
Formal-250,formal-v2-memory_evolution-016,memory_evolution,full_omni,2174,0,110,49387
Formal-250,formal-v2-memory_evolution-017,memory_evolution,full_omni,5537,0,2095,191093
Formal-250,formal-v2-memory_evolution-018,memory_evolution,full_omni,4118,0,2212,133522
Formal-250,formal-v2-memory_evolution-019,memory_evolution,full_omni,2408,0,2226,126678
Formal-250,formal-v2-memory_evolution-020,memory_evolution,full_omni,4106,0,2390,113344
Formal-250,formal-v2-memory_evolution-021,memory_evolution,full_omni,5369,0,1928,186303
Formal-250,formal-v2-memory_evolution-022,memory_evolution,full_omni,2565,0,2236,96488
Formal-250,formal-v2-memory_evolution-023,memory_evolution,full_omni,5088,0,2645,160596
Formal-250,formal-v2-memory_evolution-024,memory_evolution,full_omni,7293,0,2624,151476
Formal-250,formal-v2-memory_evolution-025,memory_evolution,full_omni,3172,0,104,126147
Formal-250,formal-v2-memory_evolution-026,memory_evolution,full_omni,6765,0,2657,122949
Formal-250,formal-v2-memory_evolution-027,memory_evolution,full_omni,7416,0,2640,189371
Formal-250,formal-v2-memory_evolution-028,memory_evolution,full_omni,3760,0,2658,160126
Formal-250,formal-v2-memory_evolution-029,memory_evolution,full_omni,5750,0,2639,223364
Formal-250,formal-v2-memory_evolution-030,memory_evolution,full_omni,5455,0,2743,183656
Formal-250,formal-v2-memory_evolution-031,memory_evolution,full_omni,3051,0,116,150120
Formal-250,formal-v2-memory_evolution-032,memory_evolution,full_omni,4914,0,2632,167012
Formal-250,formal-v2-memory_evolution-033,memory_evolution,full_omni,5226,0,2643,190416
Formal-250,formal-v2-memory_evolution-034,memory_evolution,full_omni,5879,0,2656,179668
Formal-250,formal-v2-memory_evolution-035,memory_evolution,full_omni,6574,0,2668,228499
Formal-250,formal-v2-memory_evolution-036,memory_evolution,full_omni,5785,0,2636,203508
Formal-250,formal-v2-memory_evolution-037,memory_evolution,full_omni,3915,0,2468,212813
Formal-250,formal-v2-memory_evolution-038,memory_evolution,full_omni,4665,0,2643,178096
Formal-250,formal-v2-conflict_resolution-001,conflict_resolution,full_omni,3851,0,111,92931
Formal-250,formal-v2-conflict_resolution-002,conflict_resolution,full_omni,3088,0,104,78888
Formal-250,formal-v2-conflict_resolution-003,conflict_resolution,full_omni,3350,0,129,76489
Formal-250,formal-v2-conflict_resolution-004,conflict_resolution,full_omni,3700,0,124,49158
Formal-250,formal-v2-conflict_resolution-005,conflict_resolution,full_omni,2850,0,110,87699
Formal-250,formal-v2-conflict_resolution-006,conflict_resolution,full_omni,3285,0,114,109715
Formal-250,formal-v2-conflict_resolution-007,conflict_resolution,full_omni,3297,0,136,97740
Formal-250,formal-v2-conflict_resolution-008,conflict_resolution,full_omni,3600,0,112,93245
Formal-250,formal-v2-conflict_resolution-009,conflict_resolution,full_omni,3675,0,126,81804
Formal-250,formal-v2-conflict_resolution-010,conflict_resolution,full_omni,3388,0,155,75859
Formal-250,formal-v2-conflict_resolution-011,conflict_resolution,full_omni,4277,0,175,104785
Formal-250,formal-v2-conflict_resolution-012,conflict_resolution,full_omni,3428,0,114,98514
Formal-250,formal-v2-conflict_resolution-013,conflict_resolution,full_omni,3448,0,108,59951
Formal-250,formal-v2-conflict_resolution-014,conflict_resolution,full_omni,3094,0,2572,176464
Formal-250,formal-v2-conflict_resolution-015,conflict_resolution,full_omni,3686,0,2276,157405
Formal-250,formal-v2-conflict_resolution-016,conflict_resolution,full_omni,4561,0,2657,94948
Formal-250,formal-v2-conflict_resolution-017,conflict_resolution,full_omni,3475,0,2651,175523
Formal-250,formal-v2-conflict_resolution-018,conflict_resolution,full_omni,3254,0,2481,151314
Formal-250,formal-v2-conflict_resolution-019,conflict_resolution,full_omni,2797,0,2383,108338
Formal-250,formal-v2-conflict_resolution-020,conflict_resolution,full_omni,4057,0,2467,112613
Formal-250,formal-v2-conflict_resolution-021,conflict_resolution,full_omni,3283,0,2674,134446
Formal-250,formal-v2-conflict_resolution-022,conflict_resolution,full_omni,3587,0,2618,99015
Formal-250,formal-v2-conflict_resolution-023,conflict_resolution,full_omni,4712,0,2441,223133
Formal-250,formal-v2-conflict_resolution-024,conflict_resolution,full_omni,3660,0,2359,189536
Formal-250,formal-v2-conflict_resolution-025,conflict_resolution,full_omni,3114,0,2655,99621
Formal-250,formal-v2-conflict_resolution-026,conflict_resolution,full_omni,3529,0,2665,141162
Formal-250,formal-v2-conflict_resolution-027,conflict_resolution,full_omni,3157,0,2584,161303
Formal-250,formal-v2-conflict_resolution-028,conflict_resolution,full_omni,3180,0,2641,180539
Formal-250,formal-v2-conflict_resolution-029,conflict_resolution,full_omni,3076,0,2659,119561
Formal-250,formal-v2-conflict_resolution-030,conflict_resolution,full_omni,3505,0,2755,115897
Formal-250,formal-v2-conflict_resolution-031,conflict_resolution,full_omni,3318,0,2643,108964
Formal-250,formal-v2-conflict_resolution-032,conflict_resolution,full_omni,3551,0,2670,102320
Formal-250,formal-v2-conflict_resolution-033,conflict_resolution,full_omni,3412,0,2648,260806
Formal-250,formal-v2-conflict_resolution-034,conflict_resolution,full_omni,3659,0,2674,182817
Formal-250,formal-v2-conflict_resolution-035,conflict_resolution,full_omni,4104,0,2650,208758
Formal-250,formal-v2-conflict_resolution-036,conflict_resolution,full_omni,4408,0,2709,196483
Formal-250,formal-v2-conflict_resolution-037,conflict_resolution,full_omni,3221,0,2671,344370
Formal-250,formal-v2-conflict_resolution-038,conflict_resolution,full_omni,8148,0,2688,228664
Formal-250,formal-v2-conflict_resolution-039,conflict_resolution,full_omni,3155,0,2780,165897
Formal-250,formal-v2-conflict_resolution-040,conflict_resolution,full_omni,5063,0,2667,275263
Formal-250,formal-v2-cross_agent_transfer-001,cross_agent_transfer,full_omni,3794,0,130,72037
Formal-250,formal-v2-cross_agent_transfer-002,cross_agent_transfer,full_omni,4248,0,109,103082
Formal-250,formal-v2-cross_agent_transfer-003,cross_agent_transfer,full_omni,7022,0,112,93412
Formal-250,formal-v2-cross_agent_transfer-004,cross_agent_transfer,full_omni,3523,0,136,194151
Formal-250,formal-v2-cross_agent_transfer-005,cross_agent_transfer,full_omni,4347,0,142,109325
Formal-250,formal-v2-cross_agent_transfer-006,cross_agent_transfer,full_omni,4758,0,135,149277
Formal-250,formal-v2-cross_agent_transfer-007,cross_agent_transfer,full_omni,4591,0,105,125507
Formal-250,formal-v2-cross_agent_transfer-008,cross_agent_transfer,full_omni,5362,0,140,214907
Formal-250,formal-v2-cross_agent_transfer-009,cross_agent_transfer,full_omni,3894,0,121,123804
Formal-250,formal-v2-cross_agent_transfer-010,cross_agent_transfer,full_omni,3283,0,2696,152049
Formal-250,formal-v2-cross_agent_transfer-011,cross_agent_transfer,full_omni,3818,0,2371,148527
Formal-250,formal-v2-cross_agent_transfer-012,cross_agent_transfer,full_omni,4636,0,2562,137223
Formal-250,formal-v2-cross_agent_transfer-013,cross_agent_transfer,full_omni,3945,0,116,105699
Formal-250,formal-v2-cross_agent_transfer-014,cross_agent_transfer,full_omni,3651,0,2492,106903
Formal-250,formal-v2-cross_agent_transfer-015,cross_agent_transfer,full_omni,3561,0,2663,239635
Formal-250,formal-v2-cross_agent_transfer-016,cross_agent_transfer,full_omni,3227,0,119,224603
Formal-250,formal-v2-cross_agent_transfer-017,cross_agent_transfer,full_omni,3219,0,2789,124971
Formal-250,formal-v2-cross_agent_transfer-018,cross_agent_transfer,full_omni,3876,0,2674,198387
Formal-250,formal-v2-cross_agent_transfer-019,cross_agent_transfer,full_omni,4014,0,163,137043
Formal-250,formal-v2-cross_agent_transfer-020,cross_agent_transfer,full_omni,5751,0,2713,206751
Formal-250,formal-v2-cross_agent_transfer-021,cross_agent_transfer,full_omni,6165,0,2660,182268
Formal-250,formal-v2-cross_agent_transfer-022,cross_agent_transfer,full_omni,4037,0,2424,171624
Formal-250,formal-v2-cross_agent_transfer-023,cross_agent_transfer,full_omni,4298,0,2195,152843
Formal-250,formal-v2-cross_agent_transfer-024,cross_agent_transfer,full_omni,5007,0,2680,201177
Formal-250,formal-v2-cross_agent_transfer-025,cross_agent_transfer,full_omni,4560,0,2690,132599
Formal-250,formal-v2-cross_agent_transfer-026,cross_agent_transfer,full_omni,7628,0,2674,196863
Formal-250,formal-v2-cross_agent_transfer-027,cross_agent_transfer,full_omni,3436,0,2652,219717
Formal-250,formal-v2-cross_agent_transfer-028,cross_agent_transfer,full_omni,3774,0,2671,213617
Formal-250,formal-v2-cross_agent_transfer-029,cross_agent_transfer,full_omni,6743,0,2720,240471
Formal-250,formal-v2-cross_agent_transfer-030,cross_agent_transfer,full_omni,5041,0,2703,316057
Formal-250,formal-v2-human_like_forgetting-001,human_like_forgetting,full_omni,7419,0,128,103932
Formal-250,formal-v2-human_like_forgetting-002,human_like_forgetting,full_omni,6780,0,120,132720
Formal-250,formal-v2-human_like_forgetting-003,human_like_forgetting,full_omni,5104,0,2699,192340
Formal-250,formal-v2-human_like_forgetting-004,human_like_forgetting,full_omni,9720,0,117,230261
Formal-250,formal-v2-human_like_forgetting-005,human_like_forgetting,full_omni,8649,0,2716,118033
Formal-250,formal-v2-human_like_forgetting-006,human_like_forgetting,full_omni,6601,0,113,153520
Formal-250,formal-v2-human_like_forgetting-007,human_like_forgetting,full_omni,5624,0,106,89411
Formal-250,formal-v2-human_like_forgetting-008,human_like_forgetting,full_omni,6627,0,106,88458
Formal-250,formal-v2-human_like_forgetting-009,human_like_forgetting,full_omni,8528,0,118,129302
Formal-250,formal-v2-human_like_forgetting-010,human_like_forgetting,full_omni,6242,0,107,85102
Formal-250,formal-v2-human_like_forgetting-011,human_like_forgetting,full_omni,6015,0,160,88045
Formal-250,formal-v2-human_like_forgetting-012,human_like_forgetting,full_omni,7116,0,114,67126
Formal-250,formal-v2-human_like_forgetting-013,human_like_forgetting,full_omni,5939,0,127,73516
Formal-250,formal-v2-human_like_forgetting-014,human_like_forgetting,full_omni,6287,0,2681,271085
Formal-250,formal-v2-human_like_forgetting-015,human_like_forgetting,full_omni,8270,0,2615,217633
Formal-250,formal-v2-human_like_forgetting-016,human_like_forgetting,full_omni,7372,0,2634,164381
Formal-250,formal-v2-human_like_forgetting-017,human_like_forgetting,full_omni,5759,0,2577,126506
Formal-250,formal-v2-human_like_forgetting-018,human_like_forgetting,full_omni,7226,0,2660,230958
Formal-250,formal-v2-human_like_forgetting-019,human_like_forgetting,full_omni,7694,0,2708,142725
Formal-250,formal-v2-human_like_forgetting-020,human_like_forgetting,full_omni,9967,0,2660,138399
Formal-250,formal-v2-human_like_forgetting-021,human_like_forgetting,full_omni,9351,0,2674,229032
Formal-250,formal-v2-human_like_forgetting-022,human_like_forgetting,full_omni,7476,0,2832,169226
Formal-250,formal-v2-human_like_forgetting-023,human_like_forgetting,full_omni,7130,0,2672,151505
Formal-250,formal-v2-human_like_forgetting-024,human_like_forgetting,full_omni,6601,0,2657,208424
Formal-250,formal-v2-human_like_forgetting-025,human_like_forgetting,full_omni,8339,0,2657,139864
Formal-250,formal-v2-human_like_forgetting-026,human_like_forgetting,full_omni,7360,0,2551,157565
Formal-250,formal-v2-human_like_forgetting-027,human_like_forgetting,full_omni,77874,0,2725,207130
Formal-250,formal-v2-human_like_forgetting-028,human_like_forgetting,full_omni,7570,0,102,80792
Formal-250,formal-v2-human_like_forgetting-029,human_like_forgetting,full_omni,6459,0,2623,167463
Formal-250,formal-v2-human_like_forgetting-030,human_like_forgetting,full_omni,6319,0,2669,169390
Formal-250,formal-v2-human_like_forgetting-031,human_like_forgetting,full_omni,6270,0,2755,123309
Formal-250,formal-v2-human_like_forgetting-032,human_like_forgetting,full_omni,5773,0,2728,169919
Formal-250,formal-v2-human_like_forgetting-033,human_like_forgetting,full_omni,5688,0,2685,285950
Formal-250,formal-v2-human_like_forgetting-034,human_like_forgetting,full_omni,6147,0,2652,210526
Formal-250,formal-v2-human_like_forgetting-035,human_like_forgetting,full_omni,5995,0,2685,193897
Formal-250,formal-v2-human_like_forgetting-036,human_like_forgetting,full_omni,7401,0,2669,220776
Formal-250,formal-v2-human_like_forgetting-037,human_like_forgetting,full_omni,7781,0,2647,239498
Formal-250,formal-v2-human_like_forgetting-038,human_like_forgetting,full_omni,8552,0,2652,333141
Formal-250,formal-v2-human_like_forgetting-039,human_like_forgetting,full_omni,5818,0,2461,351626
Formal-250,formal-v2-human_like_forgetting-040,human_like_forgetting,full_omni,6724,0,2663,223978
Formal-250,formal-v2-proactive_insight-001,proactive_insight,full_omni,5494,5004,106,229001
Formal-250,formal-v2-proactive_insight-002,proactive_insight,full_omni,6012,11224,134,129193
Formal-250,formal-v2-proactive_insight-003,proactive_insight,full_omni,5786,25576,136,141353
Formal-250,formal-v2-proactive_insight-004,proactive_insight,full_omni,7837,5649,133,192814
Formal-250,formal-v2-proactive_insight-005,proactive_insight,full_omni,7749,6040,102,99676
Formal-250,formal-v2-proactive_insight-006,proactive_insight,full_omni,6453,9706,2653,192429
Formal-250,formal-v2-proactive_insight-007,proactive_insight,full_omni,6438,18428,98,147212
Formal-250,formal-v2-proactive_insight-008,proactive_insight,full_omni,6951,12493,130,156544
Formal-250,formal-v2-proactive_insight-009,proactive_insight,full_omni,5814,10834,2466,183362
Formal-250,formal-v2-proactive_insight-010,proactive_insight,full_omni,6650,23624,2157,177541
Formal-250,formal-v2-proactive_insight-011,proactive_insight,full_omni,6319,4793,131,125236
Formal-250,formal-v2-proactive_insight-012,proactive_insight,full_omni,4887,6072,2255,201963
Formal-250,formal-v2-proactive_insight-013,proactive_insight,full_omni,6493,6372,2645,102946
Formal-250,formal-v2-proactive_insight-014,proactive_insight,full_omni,6002,7473,2692,120386
Formal-250,formal-v2-proactive_insight-015,proactive_insight,full_omni,6112,11557,2520,186834
Formal-250,formal-v2-proactive_insight-016,proactive_insight,full_omni,6148,6842,2680,104222
Formal-250,formal-v2-proactive_insight-017,proactive_insight,full_omni,4141,16465,2460,193529
Formal-250,formal-v2-proactive_insight-018,proactive_insight,full_omni,5890,4721,2674,136057
Formal-250,formal-v2-proactive_insight-019,proactive_insight,full_omni,6533,4775,2652,247890
Formal-250,formal-v2-proactive_insight-020,proactive_insight,full_omni,4601,16838,2389,227675
Formal-250,formal-v2-proactive_insight-021,proactive_insight,full_omni,4838,15163,2643,215301
Formal-250,formal-v2-proactive_insight-022,proactive_insight,full_omni,5874,4818,2335,141482
Formal-250,formal-v2-proactive_insight-023,proactive_insight,full_omni,5670,9973,2256,175899
Formal-250,formal-v2-proactive_insight-024,proactive_insight,full_omni,7235,8021,2659,161600
Formal-250,formal-v2-proactive_insight-025,proactive_insight,full_omni,6192,8215,2642,202116
Formal-250,formal-v2-proactive_insight-026,proactive_insight,full_omni,9046,11014,2639,218103
Formal-250,formal-v2-proactive_insight-027,proactive_insight,full_omni,6384,5472,2535,154301
Formal-250,formal-v2-proactive_insight-028,proactive_insight,full_omni,5854,16265,2651,228875
Formal-250,formal-v2-proactive_insight-029,proactive_insight,full_omni,5200,8557,2637,253063
Formal-250,formal-v2-proactive_insight-030,proactive_insight,full_omni,5356,5131,2674,183208
Formal-250,formal-v2-decision_quality-001,decision_quality,full_omni,7299,7031,114,104416
Formal-250,formal-v2-decision_quality-002,decision_quality,full_omni,7663,7403,2670,101166
Formal-250,formal-v2-decision_quality-003,decision_quality,full_omni,5368,7770,2703,108200
Formal-250,formal-v2-decision_quality-004,decision_quality,full_omni,6538,4124,103,105419
Formal-250,formal-v2-decision_quality-005,decision_quality,full_omni,6647,9758,2645,118377
Formal-250,formal-v2-decision_quality-006,decision_quality,full_omni,5701,20169,2663,118014
Formal-250,formal-v2-decision_quality-007,decision_quality,full_omni,6332,5389,2493,83363
Formal-250,formal-v2-decision_quality-008,decision_quality,full_omni,8640,14109,2652,154672
Formal-250,formal-v2-decision_quality-009,decision_quality,full_omni,6243,13114,2653,125294
Formal-250,formal-v2-decision_quality-010,decision_quality,full_omni,5219,23608,2665,129072
Formal-250,formal-v2-decision_quality-011,decision_quality,full_omni,7699,7206,2699,160277
Formal-250,formal-v2-decision_quality-012,decision_quality,full_omni,5633,5549,2553,148016
Formal-250,formal-v2-decision_quality-013,decision_quality,full_omni,7173,9199,2473,96553
Formal-250,formal-v2-decision_quality-014,decision_quality,full_omni,4546,14134,2653,151608
Formal-250,formal-v2-decision_quality-015,decision_quality,full_omni,5406,5896,2595,159114
Formal-250,formal-v2-decision_quality-016,decision_quality,full_omni,5934,15419,2644,108409
Formal-250,formal-v2-decision_quality-017,decision_quality,full_omni,4838,16306,2654,122686
Formal-250,formal-v2-decision_quality-018,decision_quality,full_omni,5429,5283,2644,189136
Formal-250,formal-v2-decision_quality-019,decision_quality,full_omni,5529,8186,2713,133001
Formal-250,formal-v2-decision_quality-020,decision_quality,full_omni,7674,22335,2658,173467
Formal-250,formal-v2-decision_quality-021,decision_quality,full_omni,5342,5144,2735,168659
Formal-250,formal-v2-decision_quality-022,decision_quality,full_omni,6588,21494,2667,127788
Formal-250,formal-v2-decision_quality-023,decision_quality,full_omni,5250,5366,2638,78372
Formal-250,formal-v2-decision_quality-024,decision_quality,full_omni,4904,6406,2656,180045
Formal-250,formal-v2-decision_quality-025,decision_quality,full_omni,4341,16828,2106,172831
Formal-250,formal-v2-decision_quality-026,decision_quality,full_omni,5301,5377,2745,183019
Formal-250,formal-v2-decision_quality-027,decision_quality,full_omni,6965,5845,2333,236706
Formal-250,formal-v2-decision_quality-028,decision_quality,full_omni,6079,9237,2694,279911
Formal-250,formal-v2-decision_quality-029,decision_quality,full_omni,5800,10653,2696,180212
Formal-250,formal-v2-decision_quality-030,decision_quality,full_omni,7426,8365,2670,305402
Comparison-70,formal-v2-cognitive_continuity-001,cognitive_continuity,no_memory,2009,0,0,2009
Comparison-70,formal-v2-cognitive_continuity-002,cognitive_continuity,no_memory,1954,0,0,1954
Comparison-70,formal-v2-cognitive_continuity-003,cognitive_continuity,no_memory,1386,0,0,1386
Comparison-70,formal-v2-cognitive_continuity-013,cognitive_continuity,no_memory,1988,0,0,1988
Comparison-70,formal-v2-cognitive_continuity-014,cognitive_continuity,no_memory,2312,0,0,2312
Comparison-70,formal-v2-cognitive_continuity-015,cognitive_continuity,no_memory,1606,0,0,1606
Comparison-70,formal-v2-cognitive_continuity-016,cognitive_continuity,no_memory,1722,0,0,1722
Comparison-70,formal-v2-cognitive_continuity-017,cognitive_continuity,no_memory,1808,0,0,1808
Comparison-70,formal-v2-cognitive_continuity-033,cognitive_continuity,no_memory,1798,0,0,1798
Comparison-70,formal-v2-cognitive_continuity-034,cognitive_continuity,no_memory,1794,0,0,1794
Comparison-70,formal-v2-memory_evolution-001,memory_evolution,no_memory,1614,0,0,1614
Comparison-70,formal-v2-memory_evolution-002,memory_evolution,no_memory,1625,0,0,1625
Comparison-70,formal-v2-memory_evolution-003,memory_evolution,no_memory,1666,0,0,1666
Comparison-70,formal-v2-memory_evolution-013,memory_evolution,no_memory,1820,0,0,1820
Comparison-70,formal-v2-memory_evolution-014,memory_evolution,no_memory,1651,0,0,1651
Comparison-70,formal-v2-memory_evolution-015,memory_evolution,no_memory,1669,0,0,1669
Comparison-70,formal-v2-memory_evolution-016,memory_evolution,no_memory,1484,0,0,1484
Comparison-70,formal-v2-memory_evolution-017,memory_evolution,no_memory,1384,0,0,1384
Comparison-70,formal-v2-memory_evolution-033,memory_evolution,no_memory,1341,0,0,1341
Comparison-70,formal-v2-memory_evolution-034,memory_evolution,no_memory,1475,0,0,1475
Comparison-70,formal-v2-conflict_resolution-001,conflict_resolution,no_memory,1616,0,0,1616
Comparison-70,formal-v2-conflict_resolution-002,conflict_resolution,no_memory,1286,0,0,1286
Comparison-70,formal-v2-conflict_resolution-003,conflict_resolution,no_memory,2021,0,0,2021
Comparison-70,formal-v2-conflict_resolution-013,conflict_resolution,no_memory,1567,0,0,1567
Comparison-70,formal-v2-conflict_resolution-014,conflict_resolution,no_memory,1292,0,0,1292
Comparison-70,formal-v2-conflict_resolution-015,conflict_resolution,no_memory,1772,0,0,1772
Comparison-70,formal-v2-conflict_resolution-016,conflict_resolution,no_memory,1340,0,0,1340
Comparison-70,formal-v2-conflict_resolution-017,conflict_resolution,no_memory,2005,0,0,2005
Comparison-70,formal-v2-conflict_resolution-033,conflict_resolution,no_memory,1712,0,0,1712
Comparison-70,formal-v2-conflict_resolution-034,conflict_resolution,no_memory,2461,0,0,2461
Comparison-70,formal-v2-cross_agent_transfer-001,cross_agent_transfer,no_memory,1952,0,0,1952
Comparison-70,formal-v2-cross_agent_transfer-002,cross_agent_transfer,no_memory,1562,0,0,1562
Comparison-70,formal-v2-cross_agent_transfer-003,cross_agent_transfer,no_memory,1691,0,0,1691
Comparison-70,formal-v2-cross_agent_transfer-010,cross_agent_transfer,no_memory,1723,0,0,1723
Comparison-70,formal-v2-cross_agent_transfer-011,cross_agent_transfer,no_memory,1595,0,0,1595
Comparison-70,formal-v2-cross_agent_transfer-012,cross_agent_transfer,no_memory,1674,0,0,1674
Comparison-70,formal-v2-cross_agent_transfer-013,cross_agent_transfer,no_memory,1890,0,0,1890
Comparison-70,formal-v2-cross_agent_transfer-014,cross_agent_transfer,no_memory,1522,0,0,1522
Comparison-70,formal-v2-cross_agent_transfer-025,cross_agent_transfer,no_memory,1558,0,0,1558
Comparison-70,formal-v2-cross_agent_transfer-026,cross_agent_transfer,no_memory,1537,0,0,1537
Comparison-70,formal-v2-human_like_forgetting-001,human_like_forgetting,no_memory,1751,0,0,1751
Comparison-70,formal-v2-human_like_forgetting-002,human_like_forgetting,no_memory,1642,0,0,1642
Comparison-70,formal-v2-human_like_forgetting-003,human_like_forgetting,no_memory,1574,0,0,1574
Comparison-70,formal-v2-human_like_forgetting-013,human_like_forgetting,no_memory,1580,0,0,1580
Comparison-70,formal-v2-human_like_forgetting-014,human_like_forgetting,no_memory,1547,0,0,1547
Comparison-70,formal-v2-human_like_forgetting-015,human_like_forgetting,no_memory,1892,0,0,1892
Comparison-70,formal-v2-human_like_forgetting-016,human_like_forgetting,no_memory,1696,0,0,1696
Comparison-70,formal-v2-human_like_forgetting-017,human_like_forgetting,no_memory,1871,0,0,1871
Comparison-70,formal-v2-human_like_forgetting-033,human_like_forgetting,no_memory,1720,0,0,1720
Comparison-70,formal-v2-human_like_forgetting-034,human_like_forgetting,no_memory,1674,0,0,1674
Comparison-70,formal-v2-proactive_insight-001,proactive_insight,no_memory,1829,4477,0,6306
Comparison-70,formal-v2-proactive_insight-002,proactive_insight,no_memory,2070,6805,0,8875
Comparison-70,formal-v2-proactive_insight-003,proactive_insight,no_memory,1978,9568,0,11546
Comparison-70,formal-v2-proactive_insight-010,proactive_insight,no_memory,1872,10320,0,12192
Comparison-70,formal-v2-proactive_insight-011,proactive_insight,no_memory,2094,4906,0,7000
Comparison-70,formal-v2-proactive_insight-012,proactive_insight,no_memory,1958,6801,0,8759
Comparison-70,formal-v2-proactive_insight-013,proactive_insight,no_memory,1978,7011,0,8989
Comparison-70,formal-v2-proactive_insight-014,proactive_insight,no_memory,1775,6618,0,8393
Comparison-70,formal-v2-proactive_insight-025,proactive_insight,no_memory,1926,3924,0,5850
Comparison-70,formal-v2-proactive_insight-026,proactive_insight,no_memory,2026,17637,0,19663
Comparison-70,formal-v2-decision_quality-001,decision_quality,no_memory,1724,14050,0,15774
Comparison-70,formal-v2-decision_quality-002,decision_quality,no_memory,2307,4891,0,7198
Comparison-70,formal-v2-decision_quality-003,decision_quality,no_memory,1871,7175,0,9046
Comparison-70,formal-v2-decision_quality-010,decision_quality,no_memory,2022,4295,0,6317
Comparison-70,formal-v2-decision_quality-011,decision_quality,no_memory,2022,14732,0,16754
Comparison-70,formal-v2-decision_quality-012,decision_quality,no_memory,2332,5043,0,7375
Comparison-70,formal-v2-decision_quality-013,decision_quality,no_memory,1684,7602,0,9286
Comparison-70,formal-v2-decision_quality-014,decision_quality,no_memory,2814,5199,0,8013
Comparison-70,formal-v2-decision_quality-025,decision_quality,no_memory,2383,6548,0,8931
Comparison-70,formal-v2-decision_quality-026,decision_quality,no_memory,1676,11951,0,13627
Comparison-70,formal-v2-cognitive_continuity-001,cognitive_continuity,retrieval_only,3580,0,0,3580
Comparison-70,formal-v2-cognitive_continuity-002,cognitive_continuity,retrieval_only,3227,0,0,3227
Comparison-70,formal-v2-cognitive_continuity-003,cognitive_continuity,retrieval_only,4131,0,0,4131
Comparison-70,formal-v2-cognitive_continuity-013,cognitive_continuity,retrieval_only,3163,0,0,3163
Comparison-70,formal-v2-cognitive_continuity-014,cognitive_continuity,retrieval_only,3985,0,0,3985
Comparison-70,formal-v2-cognitive_continuity-015,cognitive_continuity,retrieval_only,4287,0,0,4287
Comparison-70,formal-v2-cognitive_continuity-016,cognitive_continuity,retrieval_only,4378,0,0,4378
Comparison-70,formal-v2-cognitive_continuity-017,cognitive_continuity,retrieval_only,3408,0,0,3408
Comparison-70,formal-v2-cognitive_continuity-033,cognitive_continuity,retrieval_only,4721,0,0,4721
Comparison-70,formal-v2-cognitive_continuity-034,cognitive_continuity,retrieval_only,4136,0,0,4136
Comparison-70,formal-v2-memory_evolution-001,memory_evolution,retrieval_only,2608,0,0,2608
Comparison-70,formal-v2-memory_evolution-002,memory_evolution,retrieval_only,2091,0,0,2091
Comparison-70,formal-v2-memory_evolution-003,memory_evolution,retrieval_only,2773,0,0,2773
Comparison-70,formal-v2-memory_evolution-013,memory_evolution,retrieval_only,3157,0,0,3157
Comparison-70,formal-v2-memory_evolution-014,memory_evolution,retrieval_only,2151,0,0,2151
Comparison-70,formal-v2-memory_evolution-015,memory_evolution,retrieval_only,3995,0,0,3995
Comparison-70,formal-v2-memory_evolution-016,memory_evolution,retrieval_only,3923,0,0,3923
Comparison-70,formal-v2-memory_evolution-017,memory_evolution,retrieval_only,2084,0,0,2084
Comparison-70,formal-v2-memory_evolution-033,memory_evolution,retrieval_only,2114,0,0,2114
Comparison-70,formal-v2-memory_evolution-034,memory_evolution,retrieval_only,4101,0,0,4101
Comparison-70,formal-v2-conflict_resolution-001,conflict_resolution,retrieval_only,2698,0,0,2698
Comparison-70,formal-v2-conflict_resolution-002,conflict_resolution,retrieval_only,2874,0,0,2874
Comparison-70,formal-v2-conflict_resolution-003,conflict_resolution,retrieval_only,2463,0,0,2463
Comparison-70,formal-v2-conflict_resolution-013,conflict_resolution,retrieval_only,4338,0,0,4338
Comparison-70,formal-v2-conflict_resolution-015,conflict_resolution,retrieval_only,2605,0,0,2605
Comparison-70,formal-v2-conflict_resolution-016,conflict_resolution,retrieval_only,2282,0,0,2282
Comparison-70,formal-v2-conflict_resolution-017,conflict_resolution,retrieval_only,2873,0,0,2873
Comparison-70,formal-v2-conflict_resolution-033,conflict_resolution,retrieval_only,2830,0,0,2830
Comparison-70,formal-v2-conflict_resolution-034,conflict_resolution,retrieval_only,2725,0,0,2725
Comparison-70,formal-v2-cross_agent_transfer-001,cross_agent_transfer,retrieval_only,2378,0,0,2378
Comparison-70,formal-v2-cross_agent_transfer-002,cross_agent_transfer,retrieval_only,2827,0,0,2827
Comparison-70,formal-v2-cross_agent_transfer-003,cross_agent_transfer,retrieval_only,2448,0,0,2448
Comparison-70,formal-v2-cross_agent_transfer-010,cross_agent_transfer,retrieval_only,2395,0,0,2395
Comparison-70,formal-v2-cross_agent_transfer-011,cross_agent_transfer,retrieval_only,3666,0,0,3666
Comparison-70,formal-v2-cross_agent_transfer-012,cross_agent_transfer,retrieval_only,2116,0,0,2116
Comparison-70,formal-v2-cross_agent_transfer-013,cross_agent_transfer,retrieval_only,2377,0,0,2377
Comparison-70,formal-v2-cross_agent_transfer-014,cross_agent_transfer,retrieval_only,2317,0,0,2317
Comparison-70,formal-v2-cross_agent_transfer-025,cross_agent_transfer,retrieval_only,2396,0,0,2396
Comparison-70,formal-v2-cross_agent_transfer-026,cross_agent_transfer,retrieval_only,2421,0,0,2421
Comparison-70,formal-v2-human_like_forgetting-001,human_like_forgetting,retrieval_only,2926,0,0,2926
Comparison-70,formal-v2-human_like_forgetting-002,human_like_forgetting,retrieval_only,2609,0,0,2609
Comparison-70,formal-v2-human_like_forgetting-003,human_like_forgetting,retrieval_only,3142,0,0,3142
Comparison-70,formal-v2-human_like_forgetting-013,human_like_forgetting,retrieval_only,2886,0,0,2886
Comparison-70,formal-v2-human_like_forgetting-014,human_like_forgetting,retrieval_only,3267,0,0,3267
Comparison-70,formal-v2-human_like_forgetting-015,human_like_forgetting,retrieval_only,2558,0,0,2558
Comparison-70,formal-v2-human_like_forgetting-016,human_like_forgetting,retrieval_only,2835,0,0,2835
Comparison-70,formal-v2-human_like_forgetting-017,human_like_forgetting,retrieval_only,3031,0,0,3031
Comparison-70,formal-v2-human_like_forgetting-033,human_like_forgetting,retrieval_only,2597,0,0,2597
Comparison-70,formal-v2-human_like_forgetting-034,human_like_forgetting,retrieval_only,2873,0,0,2873
Comparison-70,formal-v2-proactive_insight-001,proactive_insight,retrieval_only,3283,8120,0,11403
Comparison-70,formal-v2-proactive_insight-002,proactive_insight,retrieval_only,3411,6429,0,9840
Comparison-70,formal-v2-proactive_insight-003,proactive_insight,retrieval_only,3664,8886,0,12550
Comparison-70,formal-v2-proactive_insight-010,proactive_insight,retrieval_only,3956,12275,0,16231
Comparison-70,formal-v2-proactive_insight-011,proactive_insight,retrieval_only,3361,5502,0,8863
Comparison-70,formal-v2-proactive_insight-012,proactive_insight,retrieval_only,3584,6862,0,10446
Comparison-70,formal-v2-proactive_insight-013,proactive_insight,retrieval_only,3116,5248,0,8364
Comparison-70,formal-v2-proactive_insight-014,proactive_insight,retrieval_only,4218,10342,0,14560
Comparison-70,formal-v2-proactive_insight-025,proactive_insight,retrieval_only,3473,9310,0,12783
Comparison-70,formal-v2-proactive_insight-026,proactive_insight,retrieval_only,4204,6031,0,10235
Comparison-70,formal-v2-decision_quality-001,decision_quality,retrieval_only,3249,5307,0,8556
Comparison-70,formal-v2-decision_quality-002,decision_quality,retrieval_only,3185,6338,0,9523
Comparison-70,formal-v2-decision_quality-003,decision_quality,retrieval_only,3488,9085,0,12573
Comparison-70,formal-v2-decision_quality-010,decision_quality,retrieval_only,3746,8519,0,12265
Comparison-70,formal-v2-decision_quality-011,decision_quality,retrieval_only,2246,18718,0,20964
Comparison-70,formal-v2-decision_quality-012,decision_quality,retrieval_only,2358,5739,0,8097
Comparison-70,formal-v2-decision_quality-013,decision_quality,retrieval_only,3013,5641,0,8654
Comparison-70,formal-v2-decision_quality-014,decision_quality,retrieval_only,3382,5382,0,8764
Comparison-70,formal-v2-decision_quality-025,decision_quality,retrieval_only,3384,5505,0,8889
Comparison-70,formal-v2-decision_quality-026,decision_quality,retrieval_only,3595,15203,0,18798
Comparison-70,formal-v2-cognitive_continuity-001,cognitive_continuity,full_omni,6277,0,96,66347
Comparison-70,formal-v2-cognitive_continuity-002,cognitive_continuity,full_omni,5509,0,220,72214
Comparison-70,formal-v2-cognitive_continuity-003,cognitive_continuity,full_omni,5309,0,153,120481
Comparison-70,formal-v2-cognitive_continuity-013,cognitive_continuity,full_omni,6121,0,2641,91169
Comparison-70,formal-v2-cognitive_continuity-014,cognitive_continuity,full_omni,5649,0,2662,139747
Comparison-70,formal-v2-cognitive_continuity-015,cognitive_continuity,full_omni,6937,0,2741,197329
Comparison-70,formal-v2-cognitive_continuity-016,cognitive_continuity,full_omni,6885,0,120,162182
Comparison-70,formal-v2-cognitive_continuity-017,cognitive_continuity,full_omni,5529,0,2458,108270
Comparison-70,formal-v2-cognitive_continuity-033,cognitive_continuity,full_omni,5727,0,2644,262523
Comparison-70,formal-v2-cognitive_continuity-034,cognitive_continuity,full_omni,4359,0,2700,150168
Comparison-70,formal-v2-memory_evolution-001,memory_evolution,full_omni,2462,0,127,64492
Comparison-70,formal-v2-memory_evolution-002,memory_evolution,full_omni,2534,0,101,119688
Comparison-70,formal-v2-memory_evolution-003,memory_evolution,full_omni,2846,0,165,69600
Comparison-70,formal-v2-memory_evolution-013,memory_evolution,full_omni,2402,0,97,117880
Comparison-70,formal-v2-memory_evolution-014,memory_evolution,full_omni,4488,0,2629,144439
Comparison-70,formal-v2-memory_evolution-015,memory_evolution,full_omni,6600,0,2658,175776
Comparison-70,formal-v2-memory_evolution-016,memory_evolution,full_omni,3053,0,2637,156287
Comparison-70,formal-v2-memory_evolution-017,memory_evolution,full_omni,3711,0,2684,256050
Comparison-70,formal-v2-memory_evolution-033,memory_evolution,full_omni,4059,0,2638,146844
Comparison-70,formal-v2-memory_evolution-034,memory_evolution,full_omni,4167,0,2675,223602
Comparison-70,formal-v2-conflict_resolution-001,conflict_resolution,full_omni,3092,0,120,71679
Comparison-70,formal-v2-conflict_resolution-002,conflict_resolution,full_omni,2902,0,178,161971
Comparison-70,formal-v2-conflict_resolution-003,conflict_resolution,full_omni,2992,0,127,149304
Comparison-70,formal-v2-conflict_resolution-013,conflict_resolution,full_omni,3063,0,112,58255
Comparison-70,formal-v2-conflict_resolution-014,conflict_resolution,full_omni,3313,0,2752,123818
Comparison-70,formal-v2-conflict_resolution-015,conflict_resolution,full_omni,2935,0,2659,145872
Comparison-70,formal-v2-conflict_resolution-016,conflict_resolution,full_omni,3496,0,2494,107824
Comparison-70,formal-v2-conflict_resolution-017,conflict_resolution,full_omni,3614,0,2624,155937
Comparison-70,formal-v2-conflict_resolution-033,conflict_resolution,full_omni,3511,0,2554,159444
Comparison-70,formal-v2-conflict_resolution-034,conflict_resolution,full_omni,6490,0,2713,197639
Comparison-70,formal-v2-cross_agent_transfer-001,cross_agent_transfer,full_omni,3685,0,118,96487
Comparison-70,formal-v2-cross_agent_transfer-002,cross_agent_transfer,full_omni,3786,0,113,82946
Comparison-70,formal-v2-cross_agent_transfer-003,cross_agent_transfer,full_omni,4112,0,190,155903
Comparison-70,formal-v2-cross_agent_transfer-010,cross_agent_transfer,full_omni,4335,0,2465,136504
Comparison-70,formal-v2-cross_agent_transfer-011,cross_agent_transfer,full_omni,3384,0,117,130152
Comparison-70,formal-v2-cross_agent_transfer-012,cross_agent_transfer,full_omni,3838,0,2130,100977
Comparison-70,formal-v2-cross_agent_transfer-013,cross_agent_transfer,full_omni,3239,0,134,121111
Comparison-70,formal-v2-cross_agent_transfer-014,cross_agent_transfer,full_omni,3382,0,2741,118478
Comparison-70,formal-v2-cross_agent_transfer-025,cross_agent_transfer,full_omni,3715,0,2620,197617
Comparison-70,formal-v2-cross_agent_transfer-026,cross_agent_transfer,full_omni,2695,0,2673,169413
Comparison-70,formal-v2-human_like_forgetting-001,human_like_forgetting,full_omni,6602,0,99,97119
Comparison-70,formal-v2-human_like_forgetting-002,human_like_forgetting,full_omni,5432,0,146,130517
Comparison-70,formal-v2-human_like_forgetting-003,human_like_forgetting,full_omni,7732,0,105,89101
Comparison-70,formal-v2-human_like_forgetting-013,human_like_forgetting,full_omni,8789,0,118,149024
Comparison-70,formal-v2-human_like_forgetting-014,human_like_forgetting,full_omni,6231,0,2670,236507
Comparison-70,formal-v2-human_like_forgetting-015,human_like_forgetting,full_omni,6276,0,2648,165520
Comparison-70,formal-v2-human_like_forgetting-016,human_like_forgetting,full_omni,5060,0,146,148986
Comparison-70,formal-v2-human_like_forgetting-017,human_like_forgetting,full_omni,6566,0,2391,117307
Comparison-70,formal-v2-human_like_forgetting-033,human_like_forgetting,full_omni,6435,0,2552,146290
Comparison-70,formal-v2-human_like_forgetting-034,human_like_forgetting,full_omni,7862,0,2702,234880
Comparison-70,formal-v2-proactive_insight-001,proactive_insight,full_omni,6513,9529,122,115365
Comparison-70,formal-v2-proactive_insight-002,proactive_insight,full_omni,7310,12264,124,131607
Comparison-70,formal-v2-proactive_insight-003,proactive_insight,full_omni,7548,10622,106,182244
Comparison-70,formal-v2-proactive_insight-010,proactive_insight,full_omni,6104,4993,2668,130883
Comparison-70,formal-v2-proactive_insight-011,proactive_insight,full_omni,5412,11912,2662,169800
Comparison-70,formal-v2-proactive_insight-012,proactive_insight,full_omni,4727,9138,2647,186819
Comparison-70,formal-v2-proactive_insight-013,proactive_insight,full_omni,7288,5295,112,233090
Comparison-70,formal-v2-proactive_insight-014,proactive_insight,full_omni,6053,7942,2646,163553
Comparison-70,formal-v2-proactive_insight-025,proactive_insight,full_omni,6927,6293,2616,204817
Comparison-70,formal-v2-proactive_insight-026,proactive_insight,full_omni,5089,7929,2450,153624
Comparison-70,formal-v2-decision_quality-001,decision_quality,full_omni,5904,10020,2738,92492
Comparison-70,formal-v2-decision_quality-002,decision_quality,full_omni,4784,3995,2521,77101
Comparison-70,formal-v2-decision_quality-003,decision_quality,full_omni,5161,8964,2650,110827
Comparison-70,formal-v2-decision_quality-010,decision_quality,full_omni,5452,7093,2739,142198
Comparison-70,formal-v2-decision_quality-011,decision_quality,full_omni,5604,9326,2666,206359
Comparison-70,formal-v2-decision_quality-012,decision_quality,full_omni,6141,8163,2661,181977
Comparison-70,formal-v2-decision_quality-013,decision_quality,full_omni,5654,5527,2502,72028
Comparison-70,formal-v2-decision_quality-014,decision_quality,full_omni,5508,9500,2733,123271
Comparison-70,formal-v2-decision_quality-025,decision_quality,full_omni,7113,4721,2665,288897
Comparison-70,formal-v2-decision_quality-026,decision_quality,full_omni,4168,6752,2669,218323
