sample_id,annotator_id,pass,mandatory_evidence_ids,full_source_supported,full_source_acceptable_action_families,reduced_surface_supported,reduced_surface_acceptable_action_families,coverage_aware_acceptable_action_families,hard_constraint,authority_boundary,user_override,temporal_invalidation,conflict_unresolved,notes,completed_at
es-v1-f1-001,,,,,,,,,,,,,,,
es-v1-f1-002,,,,,,,,,,,,,,,
es-v1-f1-003,,,,,,,,,,,,,,,
es-v1-f1-004,,,,,,,,,,,,,,,
es-v1-f1-005,,,,,,,,,,,,,,,
es-v1-f1-006,,,,,,,,,,,,,,,
es-v1-f1-007,,,,,,,,,,,,,,,
es-v1-f1-008,,,,,,,,,,,,,,,
es-v1-f1-009,,,,,,,,,,,,,,,
es-v1-f1-010,,,,,,,,,,,,,,,
es-v1-f1-011,,,,,,,,,,,,,,,
es-v1-f1-012,,,,,,,,,,,,,,,
es-v1-f1-013,,,,,,,,,,,,,,,
es-v1-f1-014,,,,,,,,,,,,,,,
es-v1-f1-015,,,,,,,,,,,,,,,
es-v1-f1-016,,,,,,,,,,,,,,,
es-v1-f1-017,,,,,,,,,,,,,,,
es-v1-f1-018,,,,,,,,,,,,,,,
es-v1-f1-019,,,,,,,,,,,,,,,
es-v1-f1-020,,,,,,,,,,,,,,,
es-v1-f1-021,,,,,,,,,,,,,,,
es-v1-f1-022,,,,,,,,,,,,,,,
es-v1-f1-023,,,,,,,,,,,,,,,
es-v1-f1-024,,,,,,,,,,,,,,,
es-v1-f1-025,,,,,,,,,,,,,,,
es-v1-f1-026,,,,,,,,,,,,,,,
es-v1-f1-027,,,,,,,,,,,,,,,
es-v1-f1-028,,,,,,,,,,,,,,,
es-v1-f1-029,,,,,,,,,,,,,,,
es-v1-f1-030,,,,,,,,,,,,,,,
es-v1-f2-001,,,,,,,,,,,,,,,
es-v1-f2-002,,,,,,,,,,,,,,,
es-v1-f2-003,,,,,,,,,,,,,,,
es-v1-f2-004,,,,,,,,,,,,,,,
es-v1-f2-005,,,,,,,,,,,,,,,
es-v1-f2-006,,,,,,,,,,,,,,,
es-v1-f2-007,,,,,,,,,,,,,,,
es-v1-f2-008,,,,,,,,,,,,,,,
es-v1-f2-009,,,,,,,,,,,,,,,
es-v1-f2-010,,,,,,,,,,,,,,,
es-v1-f2-011,,,,,,,,,,,,,,,
es-v1-f2-012,,,,,,,,,,,,,,,
es-v1-f2-013,,,,,,,,,,,,,,,
es-v1-f2-014,,,,,,,,,,,,,,,
es-v1-f2-015,,,,,,,,,,,,,,,
es-v1-f2-016,,,,,,,,,,,,,,,
es-v1-f2-017,,,,,,,,,,,,,,,
es-v1-f2-018,,,,,,,,,,,,,,,
es-v1-f2-019,,,,,,,,,,,,,,,
es-v1-f2-020,,,,,,,,,,,,,,,
es-v1-f2-021,,,,,,,,,,,,,,,
es-v1-f2-022,,,,,,,,,,,,,,,
es-v1-f2-023,,,,,,,,,,,,,,,
es-v1-f2-024,,,,,,,,,,,,,,,
es-v1-f2-025,,,,,,,,,,,,,,,
es-v1-f2-026,,,,,,,,,,,,,,,
es-v1-f2-027,,,,,,,,,,,,,,,
es-v1-f2-028,,,,,,,,,,,,,,,
es-v1-f2-029,,,,,,,,,,,,,,,
es-v1-f2-030,,,,,,,,,,,,,,,
es-v1-f3-001,,,,,,,,,,,,,,,
es-v1-f3-002,,,,,,,,,,,,,,,
es-v1-f3-003,,,,,,,,,,,,,,,
es-v1-f3-004,,,,,,,,,,,,,,,
es-v1-f3-005,,,,,,,,,,,,,,,
es-v1-f3-006,,,,,,,,,,,,,,,
es-v1-f3-007,,,,,,,,,,,,,,,
es-v1-f3-008,,,,,,,,,,,,,,,
es-v1-f3-009,,,,,,,,,,,,,,,
es-v1-f3-010,,,,,,,,,,,,,,,
es-v1-f3-011,,,,,,,,,,,,,,,
es-v1-f3-012,,,,,,,,,,,,,,,
es-v1-f3-013,,,,,,,,,,,,,,,
es-v1-f3-014,,,,,,,,,,,,,,,
es-v1-f3-015,,,,,,,,,,,,,,,
es-v1-f3-016,,,,,,,,,,,,,,,
es-v1-f3-017,,,,,,,,,,,,,,,
es-v1-f3-018,,,,,,,,,,,,,,,
es-v1-f3-019,,,,,,,,,,,,,,,
es-v1-f3-020,,,,,,,,,,,,,,,
es-v1-f3-021,,,,,,,,,,,,,,,
es-v1-f3-022,,,,,,,,,,,,,,,
es-v1-f3-023,,,,,,,,,,,,,,,
es-v1-f3-024,,,,,,,,,,,,,,,
es-v1-f3-025,,,,,,,,,,,,,,,
es-v1-f3-026,,,,,,,,,,,,,,,
es-v1-f3-027,,,,,,,,,,,,,,,
es-v1-f3-028,,,,,,,,,,,,,,,
es-v1-f3-029,,,,,,,,,,,,,,,
es-v1-f3-030,,,,,,,,,,,,,,,
es-v1-f4-001,,,,,,,,,,,,,,,
es-v1-f4-002,,,,,,,,,,,,,,,
es-v1-f4-003,,,,,,,,,,,,,,,
es-v1-f4-004,,,,,,,,,,,,,,,
es-v1-f4-005,,,,,,,,,,,,,,,
es-v1-f4-006,,,,,,,,,,,,,,,
es-v1-f4-007,,,,,,,,,,,,,,,
es-v1-f4-008,,,,,,,,,,,,,,,
es-v1-f4-009,,,,,,,,,,,,,,,
es-v1-f4-010,,,,,,,,,,,,,,,
es-v1-f4-011,,,,,,,,,,,,,,,
es-v1-f4-012,,,,,,,,,,,,,,,
es-v1-f4-013,,,,,,,,,,,,,,,
es-v1-f4-014,,,,,,,,,,,,,,,
es-v1-f4-015,,,,,,,,,,,,,,,
es-v1-f4-016,,,,,,,,,,,,,,,
es-v1-f4-017,,,,,,,,,,,,,,,
es-v1-f4-018,,,,,,,,,,,,,,,
es-v1-f4-019,,,,,,,,,,,,,,,
es-v1-f4-020,,,,,,,,,,,,,,,
es-v1-f4-021,,,,,,,,,,,,,,,
es-v1-f4-022,,,,,,,,,,,,,,,
es-v1-f4-023,,,,,,,,,,,,,,,
es-v1-f4-024,,,,,,,,,,,,,,,
es-v1-f4-025,,,,,,,,,,,,,,,
es-v1-f4-026,,,,,,,,,,,,,,,
es-v1-f4-027,,,,,,,,,,,,,,,
es-v1-f4-028,,,,,,,,,,,,,,,
es-v1-f4-029,,,,,,,,,,,,,,,
es-v1-f4-030,,,,,,,,,,,,,,,
es-v1-f5-001,,,,,,,,,,,,,,,
es-v1-f5-002,,,,,,,,,,,,,,,
es-v1-f5-003,,,,,,,,,,,,,,,
es-v1-f5-004,,,,,,,,,,,,,,,
es-v1-f5-005,,,,,,,,,,,,,,,
es-v1-f5-006,,,,,,,,,,,,,,,
es-v1-f5-007,,,,,,,,,,,,,,,
es-v1-f5-008,,,,,,,,,,,,,,,
es-v1-f5-009,,,,,,,,,,,,,,,
es-v1-f5-010,,,,,,,,,,,,,,,
es-v1-f5-011,,,,,,,,,,,,,,,
es-v1-f5-012,,,,,,,,,,,,,,,
es-v1-f5-013,,,,,,,,,,,,,,,
es-v1-f5-014,,,,,,,,,,,,,,,
es-v1-f5-015,,,,,,,,,,,,,,,
es-v1-f5-016,,,,,,,,,,,,,,,
es-v1-f5-017,,,,,,,,,,,,,,,
es-v1-f5-018,,,,,,,,,,,,,,,
es-v1-f5-019,,,,,,,,,,,,,,,
es-v1-f5-020,,,,,,,,,,,,,,,
es-v1-f5-021,,,,,,,,,,,,,,,
es-v1-f5-022,,,,,,,,,,,,,,,
es-v1-f5-023,,,,,,,,,,,,,,,
es-v1-f5-024,,,,,,,,,,,,,,,
es-v1-f5-025,,,,,,,,,,,,,,,
es-v1-f5-026,,,,,,,,,,,,,,,
es-v1-f5-027,,,,,,,,,,,,,,,
es-v1-f5-028,,,,,,,,,,,,,,,
es-v1-f5-029,,,,,,,,,,,,,,,
es-v1-f5-030,,,,,,,,,,,,,,,
es-v1-f6-001,,,,,,,,,,,,,,,
es-v1-f6-002,,,,,,,,,,,,,,,
es-v1-f6-003,,,,,,,,,,,,,,,
es-v1-f6-004,,,,,,,,,,,,,,,
es-v1-f6-005,,,,,,,,,,,,,,,
es-v1-f6-006,,,,,,,,,,,,,,,
es-v1-f6-007,,,,,,,,,,,,,,,
es-v1-f6-008,,,,,,,,,,,,,,,
es-v1-f6-009,,,,,,,,,,,,,,,
es-v1-f6-010,,,,,,,,,,,,,,,
es-v1-f6-011,,,,,,,,,,,,,,,
es-v1-f6-012,,,,,,,,,,,,,,,
es-v1-f6-013,,,,,,,,,,,,,,,
es-v1-f6-014,,,,,,,,,,,,,,,
es-v1-f6-015,,,,,,,,,,,,,,,
es-v1-f6-016,,,,,,,,,,,,,,,
es-v1-f6-017,,,,,,,,,,,,,,,
es-v1-f6-018,,,,,,,,,,,,,,,
es-v1-f6-019,,,,,,,,,,,,,,,
es-v1-f6-020,,,,,,,,,,,,,,,
es-v1-f6-021,,,,,,,,,,,,,,,
es-v1-f6-022,,,,,,,,,,,,,,,
es-v1-f6-023,,,,,,,,,,,,,,,
es-v1-f6-024,,,,,,,,,,,,,,,
es-v1-f6-025,,,,,,,,,,,,,,,
es-v1-f6-026,,,,,,,,,,,,,,,
es-v1-f6-027,,,,,,,,,,,,,,,
es-v1-f6-028,,,,,,,,,,,,,,,
es-v1-f6-029,,,,,,,,,,,,,,,
es-v1-f6-030,,,,,,,,,,,,,,,
